{"cameraMode":{"drawMode":0,"name":"Shaded","section":"Shading Mode"},"sceneLighting":true,"audioPlay":false,"sceneViewState":{"showFog":true,"showMaterialUpdate":true,"showSkybox":true,"showFlares":true,"showImageEffects":true,"showParticleSystems":true},"in2DMode":false,"pivot":{"x":361.4093017578125,"y":395.1191711425781,"z":-470.8658752441406},"rotation":{"x":-0.026865895837545396,"y":-0.09758961945772171,"z":-0.002586805960163474,"w":0.9949296712875366},"size":0.037309885025024417,"orthographic":false}