{"cameraMode":{"drawMode":0,"name":"Shaded","section":"Shading Mode"},"sceneLighting":true,"audioPlay":false,"sceneViewState":{"showFog":true,"showMaterialUpdate":true,"showSkybox":true,"showFlares":true,"showImageEffects":true,"showParticleSystems":true},"in2DMode":false,"pivot":{"x":19.60966682434082,"y":62.43950271606445,"z":-35.53012466430664},"rotation":{"x":0.3302941918373108,"y":-0.08880002051591873,"z":0.030974149703979493,"w":0.939307689666748},"size":0.26269012689590456,"orthographic":false}