{"cameraMode":{"drawMode":0,"name":"Shaded","section":"Shading Mode"},"sceneLighting":true,"audioPlay":false,"sceneViewState":{"showFog":true,"showMaterialUpdate":true,"showSkybox":true,"showFlares":true,"showImageEffects":true,"showParticleSystems":true},"in2DMode":false,"pivot":{"x":236.7964630126953,"y":364.0048828125,"z":-491.0111083984375},"rotation":{"x":0.05394013226032257,"y":-0.03476966544985771,"z":-0.0017788513796404005,"w":-0.9980139136314392},"size":0.26269012689590456,"orthographic":false}