{"cameraMode":{"drawMode":0,"name":"Shaded","section":"Shading Mode"},"sceneLighting":false,"audioPlay":false,"sceneViewState":{"showFog":true,"showMaterialUpdate":true,"showSkybox":false,"showFlares":true,"showImageEffects":true,"showParticleSystems":true},"in2DMode":false,"pivot":{"x":-0.18883554637432099,"y":40.78511428833008,"z":79.14617919921875},"rotation":{"x":-0.16957014799118043,"y":0.015053600072860718,"z":-0.0026302621699869634,"w":-0.9854300618171692},"size":0.4330126941204071,"orthographic":false}