{"cameraMode":{"drawMode":0,"name":"Shaded","section":"Shading Mode"},"sceneLighting":true,"audioPlay":false,"sceneViewState":{"showFog":true,"showMaterialUpdate":true,"showSkybox":true,"showFlares":true,"showImageEffects":true,"showParticleSystems":true},"in2DMode":false,"pivot":{"x":-13.096555709838868,"y":6.033865928649902,"z":-41.337825775146487},"rotation":{"x":-0.037859633564949039,"y":-0.10775695741176605,"z":0.004330029245465994,"w":-0.9935793280601502},"size":0.037309885025024417,"orthographic":false}